ts,price
2025-08-01 00:00:00,29002.58
2025-08-01 00:01:00,29001.99
2025-08-01 00:02:00,29005.33
2025-08-01 00:03:00,29013.05
2025-08-01 00:04:00,29011.98
2025-08-01 00:05:00,29010.9
2025-08-01 00:06:00,29018.9
2025-08-01 00:07:00,29022.84
2025-08-01 00:08:00,29020.59
2025-08-01 00:09:00,29023.4
2025-08-01 00:10:00,29021.19
2025-08-01 00:11:00,29018.96
2025-08-01 00:12:00,29020.27
2025-08-01 00:13:00,29010.8
2025-08-01 00:14:00,29002.28
2025-08-01 00:15:00,28999.56
2025-08-01 00:16:00,28994.6
2025-08-01 00:17:00,28996.27
2025-08-01 00:18:00,28991.83
2025-08-01 00:19:00,28984.87
2025-08-01 00:20:00,28992.3
2025-08-01 00:21:00,28991.27
2025-08-01 00:22:00,28991.71
2025-08-01 00:23:00,28984.68
2025-08-01 00:24:00,28982.06
2025-08-01 00:25:00,28982.72
2025-08-01 00:26:00,28977.06
2025-08-01 00:27:00,28979.04
2025-08-01 00:28:00,28976.14
2025-08-01 00:29:00,28974.78
2025-08-01 00:30:00,28971.87
2025-08-01 00:31:00,28981.23
2025-08-01 00:32:00,28981.26
2025-08-01 00:33:00,28976.07
2025-08-01 00:34:00,28980.29
2025-08-01 00:35:00,28974.28
2025-08-01 00:36:00,28975.43
2025-08-01 00:37:00,28965.73
2025-08-01 00:38:00,28959.19
2025-08-01 00:39:00,28960.27
2025-08-01 00:40:00,28964.06
2025-08-01 00:41:00,28965.02
2025-08-01 00:42:00,28964.54
2025-08-01 00:43:00,28963.14
2025-08-01 00:44:00,28955.85
2025-08-01 00:45:00,28952.35
2025-08-01 00:46:00,28950.14
2025-08-01 00:47:00,28955.53
2025-08-01 00:48:00,28957.35
2025-08-01 00:49:00,28948.63
2025-08-01 00:50:00,28950.35
2025-08-01 00:51:00,28948.53
2025-08-01 00:52:00,28945.24
2025-08-01 00:53:00,28948.4
2025-08-01 00:54:00,28953.66
2025-08-01 00:55:00,28958.41
2025-08-01 00:56:00,28954.32
2025-08-01 00:57:00,28952.87
2025-08-01 00:58:00,28954.63
2025-08-01 00:59:00,28959.6
2025-08-01 01:00:00,28957.31
2025-08-01 01:01:00,28956.48
2025-08-01 01:02:00,28951.05
2025-08-01 01:03:00,28945.17
2025-08-01 01:04:00,28949.33
2025-08-01 01:05:00,28956.21
2025-08-01 01:06:00,28955.95
2025-08-01 01:07:00,28961.07
2025-08-01 01:08:00,28962.98
2025-08-01 01:09:00,28959.85
2025-08-01 01:10:00,28961.76
2025-08-01 01:11:00,28969.55
2025-08-01 01:12:00,28969.47
2025-08-01 01:13:00,28977.39
2025-08-01 01:14:00,28964.39
2025-08-01 01:15:00,28968.6
2025-08-01 01:16:00,28969.14
2025-08-01 01:17:00,28967.74
2025-08-01 01:18:00,28968.3
2025-08-01 01:19:00,28958.46
2025-08-01 01:20:00,28957.47
2025-08-01 01:21:00,28959.35
2025-08-01 01:22:00,28966.84
2025-08-01 01:23:00,28964.35
2025-08-01 01:24:00,28960.41
2025-08-01 01:25:00,28958.0
2025-08-01 01:26:00,28962.68
2025-08-01 01:27:00,28964.42
2025-08-01 01:28:00,28961.87
2025-08-01 01:29:00,28964.54
2025-08-01 01:30:00,28965.12
2025-08-01 01:31:00,28970.06
2025-08-01 01:32:00,28966.65
2025-08-01 01:33:00,28965.12
2025-08-01 01:34:00,28963.26
2025-08-01 01:35:00,28956.04
2025-08-01 01:36:00,28957.62
2025-08-01 01:37:00,28959.02
2025-08-01 01:38:00,28959.15
2025-08-01 01:39:00,28958.08
2025-08-01 01:40:00,28951.1
2025-08-01 01:41:00,28949.1
2025-08-01 01:42:00,28947.48
2025-08-01 01:43:00,28943.57
2025-08-01 01:44:00,28942.87
2025-08-01 01:45:00,28944.99
2025-08-01 01:46:00,28954.52
2025-08-01 01:47:00,28955.49
2025-08-01 01:48:00,28956.88
2025-08-01 01:49:00,28956.6
2025-08-01 01:50:00,28947.11
2025-08-01 01:51:00,28947.08
2025-08-01 01:52:00,28947.48
2025-08-01 01:53:00,28959.9
2025-08-01 01:54:00,28959.03
2025-08-01 01:55:00,28960.64
2025-08-01 01:56:00,28960.57
2025-08-01 01:57:00,28954.82
2025-08-01 01:58:00,28960.64
2025-08-01 01:59:00,28964.5
2025-08-01 02:00:00,28968.55
2025-08-01 02:01:00,28964.11
2025-08-01 02:02:00,28971.22
2025-08-01 02:03:00,28964.31
2025-08-01 02:04:00,28967.35
2025-08-01 02:05:00,28978.4
2025-08-01 02:06:00,28973.55
2025-08-01 02:07:00,28970.81
2025-08-01 02:08:00,28971.41
2025-08-01 02:09:00,28968.99
2025-08-01 02:10:00,28961.34
2025-08-01 02:11:00,28961.78
2025-08-01 02:12:00,28956.57
2025-08-01 02:13:00,28959.04
2025-08-01 02:14:00,28954.54
2025-08-01 02:15:00,28962.39
2025-08-01 02:16:00,28958.58
2025-08-01 02:17:00,28957.07
2025-08-01 02:18:00,28961.23
2025-08-01 02:19:00,28955.18
2025-08-01 02:20:00,28956.42
2025-08-01 02:21:00,28963.05
2025-08-01 02:22:00,28955.12
2025-08-01 02:23:00,28956.14
2025-08-01 02:24:00,28957.54
2025-08-01 02:25:00,28961.55
2025-08-01 02:26:00,28955.46
2025-08-01 02:27:00,28948.96
2025-08-01 02:28:00,28951.67
2025-08-01 02:29:00,28953.25
2025-08-01 02:30:00,28954.61
2025-08-01 02:31:00,28956.44
2025-08-01 02:32:00,28953.14
2025-08-01 02:33:00,28954.4
2025-08-01 02:34:00,28955.97
2025-08-01 02:35:00,28952.49
2025-08-01 02:36:00,28961.92
2025-08-01 02:37:00,28964.39
2025-08-01 02:38:00,28958.54
2025-08-01 02:39:00,28961.92
2025-08-01 02:40:00,28957.15
2025-08-01 02:41:00,28961.18
2025-08-01 02:42:00,28967.07
2025-08-01 02:43:00,28963.07
2025-08-01 02:44:00,28967.99
2025-08-01 02:45:00,28970.15
2025-08-01 02:46:00,28974.36
2025-08-01 02:47:00,28983.95
2025-08-01 02:48:00,28982.82
2025-08-01 02:49:00,28979.15
2025-08-01 02:50:00,28974.8
2025-08-01 02:51:00,28970.82
2025-08-01 02:52:00,28970.54
2025-08-01 02:53:00,28972.34
2025-08-01 02:54:00,28973.83
2025-08-01 02:55:00,28978.06
2025-08-01 02:56:00,28978.23
2025-08-01 02:57:00,28985.6
2025-08-01 02:58:00,28984.37
2025-08-01 02:59:00,28998.07
2025-08-01 03:00:00,29001.3
2025-08-01 03:01:00,28997.12
2025-08-01 03:02:00,28991.86
2025-08-01 03:03:00,28994.37
2025-08-01 03:04:00,28993.36
2025-08-01 03:05:00,28997.03
2025-08-01 03:06:00,28999.49
2025-08-01 03:07:00,28999.23
2025-08-01 03:08:00,28995.09
2025-08-01 03:09:00,28987.62
2025-08-01 03:10:00,28985.49
2025-08-01 03:11:00,28989.87
2025-08-01 03:12:00,28991.04
2025-08-01 03:13:00,28984.91
2025-08-01 03:14:00,28985.88
2025-08-01 03:15:00,28987.9
2025-08-01 03:16:00,28983.58
2025-08-01 03:17:00,28984.45
2025-08-01 03:18:00,28984.84
2025-08-01 03:19:00,28979.23
2025-08-01 03:20:00,28981.12
2025-08-01 03:21:00,28984.02
2025-08-01 03:22:00,28989.54
2025-08-01 03:23:00,28994.91
2025-08-01 03:24:00,28988.12
2025-08-01 03:25:00,28983.53
2025-08-01 03:26:00,28986.2
2025-08-01 03:27:00,28988.87
2025-08-01 03:28:00,28991.55
2025-08-01 03:29:00,29010.91
2025-08-01 03:30:00,29013.87
2025-08-01 03:31:00,29019.64
2025-08-01 03:32:00,29024.51
2025-08-01 03:33:00,29027.87
2025-08-01 03:34:00,29026.39
2025-08-01 03:35:00,29030.29
2025-08-01 03:36:00,29026.53
2025-08-01 03:37:00,29025.44
2025-08-01 03:38:00,29023.11
2025-08-01 03:39:00,29023.62
2025-08-01 03:40:00,29035.3
2025-08-01 03:41:00,29026.06
2025-08-01 03:42:00,29029.59
2025-08-01 03:43:00,29021.63
2025-08-01 03:44:00,29019.37
2025-08-01 03:45:00,29024.91
2025-08-01 03:46:00,29025.33
2025-08-01 03:47:00,29020.05
2025-08-01 03:48:00,29016.57
2025-08-01 03:49:00,29020.07
2025-08-01 03:50:00,29016.52
2025-08-01 03:51:00,29017.7
2025-08-01 03:52:00,29018.03
2025-08-01 03:53:00,29014.87
2025-08-01 03:54:00,29025.69
2025-08-01 03:55:00,29028.96
2025-08-01 03:56:00,29018.93
2025-08-01 03:57:00,29019.96
2025-08-01 03:58:00,29016.75
2025-08-01 03:59:00,29021.12
2025-08-01 04:00:00,29017.25
2025-08-01 04:01:00,29016.78
2025-08-01 04:02:00,29019.41
2025-08-01 04:03:00,29023.83
2025-08-01 04:04:00,29017.93
2025-08-01 04:05:00,29016.36
2025-08-01 04:06:00,29014.09
2025-08-01 04:07:00,29010.92
2025-08-01 04:08:00,29019.85
2025-08-01 04:09:00,29021.97
2025-08-01 04:10:00,29015.77
2025-08-01 04:11:00,29020.46
2025-08-01 04:12:00,29031.17
2025-08-01 04:13:00,29036.43
2025-08-01 04:14:00,29028.93
2025-08-01 04:15:00,29026.61
2025-08-01 04:16:00,29033.05
2025-08-01 04:17:00,29029.61
2025-08-01 04:18:00,29031.93
2025-08-01 04:19:00,29035.9
2025-08-01 04:20:00,29031.37
2025-08-01 04:21:00,29031.17
2025-08-01 04:22:00,29015.06
2025-08-01 04:23:00,29010.04
2025-08-01 04:24:00,29008.88
2025-08-01 04:25:00,29002.74
2025-08-01 04:26:00,29011.0
2025-08-01 04:27:00,29003.95
2025-08-01 04:28:00,29001.85
2025-08-01 04:29:00,29002.6
2025-08-01 04:30:00,29009.91
2025-08-01 04:31:00,29002.83
2025-08-01 04:32:00,29008.75
2025-08-01 04:33:00,29008.9
2025-08-01 04:34:00,29004.09
2025-08-01 04:35:00,29006.5
2025-08-01 04:36:00,29007.59
2025-08-01 04:37:00,29004.69
2025-08-01 04:38:00,29005.14
2025-08-01 04:39:00,29003.32
2025-08-01 04:40:00,29003.98
2025-08-01 04:41:00,29007.39
2025-08-01 04:42:00,29015.42
2025-08-01 04:43:00,29009.34
2025-08-01 04:44:00,29020.1
2025-08-01 04:45:00,29010.44
2025-08-01 04:46:00,29009.78
2025-08-01 04:47:00,29012.82
2025-08-01 04:48:00,29014.33
2025-08-01 04:49:00,29011.31
2025-08-01 04:50:00,29010.37
2025-08-01 04:51:00,29008.01
2025-08-01 04:52:00,29005.16
2025-08-01 04:53:00,29009.51
2025-08-01 04:54:00,29011.39
2025-08-01 04:55:00,29008.03
2025-08-01 04:56:00,29012.63
2025-08-01 04:57:00,29014.26
2025-08-01 04:58:00,29018.43
2025-08-01 04:59:00,29021.68
2025-08-01 05:00:00,29017.63
2025-08-01 05:01:00,29014.93
2025-08-01 05:02:00,29018.77
2025-08-01 05:03:00,29021.92
2025-08-01 05:04:00,29021.92
2025-08-01 05:05:00,29022.6
2025-08-01 05:06:00,29029.09
2025-08-01 05:07:00,29026.23
2025-08-01 05:08:00,29029.07
2025-08-01 05:09:00,29028.16
2025-08-01 05:10:00,29027.17
2025-08-01 05:11:00,29032.76
2025-08-01 05:12:00,29036.99
2025-08-01 05:13:00,29041.16
2025-08-01 05:14:00,29047.78
2025-08-01 05:15:00,29047.99
2025-08-01 05:16:00,29051.5
2025-08-01 05:17:00,29050.05
2025-08-01 05:18:00,29051.77
2025-08-01 05:19:00,29051.22
2025-08-01 05:20:00,29051.8
2025-08-01 05:21:00,29054.88
2025-08-01 05:22:00,29050.89
2025-08-01 05:23:00,29061.45
2025-08-01 05:24:00,29056.52
2025-08-01 05:25:00,29050.55
2025-08-01 05:26:00,29056.44
2025-08-01 05:27:00,29060.5
2025-08-01 05:28:00,29063.72
2025-08-01 05:29:00,29066.96
2025-08-01 05:30:00,29067.0
2025-08-01 05:31:00,29062.61
2025-08-01 05:32:00,29063.09
2025-08-01 05:33:00,29059.81
2025-08-01 05:34:00,29064.78
2025-08-01 05:35:00,29064.15
2025-08-01 05:36:00,29060.12
2025-08-01 05:37:00,29058.61
2025-08-01 05:38:00,29060.78
2025-08-01 05:39:00,29058.06
2025-08-01 05:40:00,29054.05
2025-08-01 05:41:00,29055.36
2025-08-01 05:42:00,29056.69
2025-08-01 05:43:00,29054.25
2025-08-01 05:44:00,29052.0
2025-08-01 05:45:00,29053.26
2025-08-01 05:46:00,29046.12
2025-08-01 05:47:00,29039.18
2025-08-01 05:48:00,29035.69
2025-08-01 05:49:00,29034.72
2025-08-01 05:50:00,29036.38
2025-08-01 05:51:00,29043.85
2025-08-01 05:52:00,29048.24
2025-08-01 05:53:00,29047.54
2025-08-01 05:54:00,29047.55
2025-08-01 05:55:00,29042.63
2025-08-01 05:56:00,29042.64
2025-08-01 05:57:00,29041.3
2025-08-01 05:58:00,29043.01
2025-08-01 05:59:00,29038.98
2025-08-01 06:00:00,29041.67
2025-08-01 06:01:00,29049.44
2025-08-01 06:02:00,29048.99
2025-08-01 06:03:00,29051.1
2025-08-01 06:04:00,29054.65
2025-08-01 06:05:00,29052.75
2025-08-01 06:06:00,29053.97
2025-08-01 06:07:00,29054.13
2025-08-01 06:08:00,29054.72
2025-08-01 06:09:00,29050.95
2025-08-01 06:10:00,29051.18
2025-08-01 06:11:00,29053.77
2025-08-01 06:12:00,29061.12
2025-08-01 06:13:00,29066.02
2025-08-01 06:14:00,29076.88
2025-08-01 06:15:00,29073.15
2025-08-01 06:16:00,29077.61
2025-08-01 06:17:00,29078.62
2025-08-01 06:18:00,29089.67
2025-08-01 06:19:00,29085.73
2025-08-01 06:20:00,29081.63
2025-08-01 06:21:00,29078.74
2025-08-01 06:22:00,29068.22
2025-08-01 06:23:00,29065.69
2025-08-01 06:24:00,29061.99
2025-08-01 06:25:00,29062.84
2025-08-01 06:26:00,29064.65
2025-08-01 06:27:00,29074.13
2025-08-01 06:28:00,29078.99
2025-08-01 06:29:00,29076.2
2025-08-01 06:30:00,29071.81
2025-08-01 06:31:00,29074.37
2025-08-01 06:32:00,29067.87
2025-08-01 06:33:00,29077.13
2025-08-01 06:34:00,29083.12
2025-08-01 06:35:00,29080.88
2025-08-01 06:36:00,29072.41
2025-08-01 06:37:00,29079.28
2025-08-01 06:38:00,29078.81
2025-08-01 06:39:00,29085.1
2025-08-01 06:40:00,29077.23
2025-08-01 06:41:00,29074.33
2025-08-01 06:42:00,29074.45
2025-08-01 06:43:00,29074.79
2025-08-01 06:44:00,29072.64
2025-08-01 06:45:00,29075.85
2025-08-01 06:46:00,29070.62
2025-08-01 06:47:00,29070.0
2025-08-01 06:48:00,29070.7
2025-08-01 06:49:00,29073.38
2025-08-01 06:50:00,29077.03
2025-08-01 06:51:00,29071.51
2025-08-01 06:52:00,29063.94
2025-08-01 06:53:00,29070.43
2025-08-01 06:54:00,29072.19
2025-08-01 06:55:00,29068.55
2025-08-01 06:56:00,29076.4
2025-08-01 06:57:00,29077.08
2025-08-01 06:58:00,29083.08
2025-08-01 06:59:00,29083.52
2025-08-01 07:00:00,29093.92
2025-08-01 07:01:00,29102.8
2025-08-01 07:02:00,29101.65
2025-08-01 07:03:00,29106.61
2025-08-01 07:04:00,29109.94
2025-08-01 07:05:00,29116.88
2025-08-01 07:06:00,29112.16
2025-08-01 07:07:00,29115.69
2025-08-01 07:08:00,29121.08
2025-08-01 07:09:00,29112.38
2025-08-01 07:10:00,29106.57
2025-08-01 07:11:00,29096.47
2025-08-01 07:12:00,29095.23
2025-08-01 07:13:00,29098.91
2025-08-01 07:14:00,29106.52
2025-08-01 07:15:00,29107.0
2025-08-01 07:16:00,29115.24
2025-08-01 07:17:00,29108.44
2025-08-01 07:18:00,29100.02
2025-08-01 07:19:00,29099.84
2025-08-01 07:20:00,29101.86
2025-08-01 07:21:00,29101.8
2025-08-01 07:22:00,29091.56
2025-08-01 07:23:00,29091.22
2025-08-01 07:24:00,29084.79
2025-08-01 07:25:00,29088.24
2025-08-01 07:26:00,29090.18
2025-08-01 07:27:00,29085.58
2025-08-01 07:28:00,29083.11
2025-08-01 07:29:00,29077.91
2025-08-01 07:30:00,29077.7
2025-08-01 07:31:00,29082.57
2025-08-01 07:32:00,29077.74
2025-08-01 07:33:00,29080.37
2025-08-01 07:34:00,29077.81
2025-08-01 07:35:00,29073.95
2025-08-01 07:36:00,29073.51
2025-08-01 07:37:00,29068.44
2025-08-01 07:38:00,29065.77
2025-08-01 07:39:00,29059.88
2025-08-01 07:40:00,29069.8
2025-08-01 07:41:00,29070.08
2025-08-01 07:42:00,29066.68
2025-08-01 07:43:00,29067.85
2025-08-01 07:44:00,29067.39
2025-08-01 07:45:00,29066.39
2025-08-01 07:46:00,29069.56
2025-08-01 07:47:00,29073.44
2025-08-01 07:48:00,29070.89
2025-08-01 07:49:00,29068.11
2025-08-01 07:50:00,29066.84
2025-08-01 07:51:00,29055.43
2025-08-01 07:52:00,29047.95
2025-08-01 07:53:00,29054.89
2025-08-01 07:54:00,29063.21
2025-08-01 07:55:00,29062.07
2025-08-01 07:56:00,29065.05
2025-08-01 07:57:00,29066.7
2025-08-01 07:58:00,29082.2
2025-08-01 07:59:00,29087.9
2025-08-01 08:00:00,29087.36
2025-08-01 08:01:00,29082.68
2025-08-01 08:02:00,29074.75
2025-08-01 08:03:00,29075.86
2025-08-01 08:04:00,29072.18
2025-08-01 08:05:00,29065.17
2025-08-01 08:06:00,29062.04
2025-08-01 08:07:00,29056.73
2025-08-01 08:08:00,29065.27
2025-08-01 08:09:00,29069.77
2025-08-01 08:10:00,29069.83
2025-08-01 08:11:00,29077.33
2025-08-01 08:12:00,29077.82
2025-08-01 08:13:00,29073.61
2025-08-01 08:14:00,29081.33
2025-08-01 08:15:00,29084.13
2025-08-01 08:16:00,29079.04
2025-08-01 08:17:00,29078.19
2025-08-01 08:18:00,29073.91
2025-08-01 08:19:00,29067.09
2025-08-01 08:20:00,29071.83
2025-08-01 08:21:00,29081.47
2025-08-01 08:22:00,29074.58
2025-08-01 08:23:00,29077.49
2025-08-01 08:24:00,29074.34
2025-08-01 08:25:00,29072.01
2025-08-01 08:26:00,29069.14
2025-08-01 08:27:00,29064.92
2025-08-01 08:28:00,29065.27
2025-08-01 08:29:00,29061.21
2025-08-01 08:30:00,29062.66
2025-08-01 08:31:00,29062.51
2025-08-01 08:32:00,29061.42
2025-08-01 08:33:00,29056.98
2025-08-01 08:34:00,29054.2
2025-08-01 08:35:00,29058.07
2025-08-01 08:36:00,29060.68
2025-08-01 08:37:00,29055.89
2025-08-01 08:38:00,29056.49
2025-08-01 08:39:00,29060.34
2025-08-01 08:40:00,29052.1
2025-08-01 08:41:00,29054.91
2025-08-01 08:42:00,29051.7
2025-08-01 08:43:00,29054.65
2025-08-01 08:44:00,29050.94
2025-08-01 08:45:00,29042.01
2025-08-01 08:46:00,29033.98
2025-08-01 08:47:00,29034.32
2025-08-01 08:48:00,29035.71
2025-08-01 08:49:00,29031.29
2025-08-01 08:50:00,29034.59
2025-08-01 08:51:00,29026.38
2025-08-01 08:52:00,29026.15
2025-08-01 08:53:00,29020.19
2025-08-01 08:54:00,29017.03
2025-08-01 08:55:00,29017.37
2025-08-01 08:56:00,29013.17
2025-08-01 08:57:00,29011.35
2025-08-01 08:58:00,29016.48
2025-08-01 08:59:00,29013.69
2025-08-01 09:00:00,29017.97
2025-08-01 09:01:00,29012.42
2025-08-01 09:02:00,29015.17
2025-08-01 09:03:00,29022.48
2025-08-01 09:04:00,29010.22
2025-08-01 09:05:00,29006.34
2025-08-01 09:06:00,29009.32
2025-08-01 09:07:00,29008.41
2025-08-01 09:08:00,29010.36
2025-08-01 09:09:00,29007.44
2025-08-01 09:10:00,29007.98
2025-08-01 09:11:00,29007.3
2025-08-01 09:12:00,29013.24
2025-08-01 09:13:00,29014.61
2025-08-01 09:14:00,29016.4
2025-08-01 09:15:00,29014.44
2025-08-01 09:16:00,29012.1
2025-08-01 09:17:00,29010.04
2025-08-01 09:18:00,29012.11
2025-08-01 09:19:00,29010.1
2025-08-01 09:20:00,29011.65
2025-08-01 09:21:00,29022.13
2025-08-01 09:22:00,29026.58
2025-08-01 09:23:00,29025.05
2025-08-01 09:24:00,29031.16
2025-08-01 09:25:00,29029.22
2025-08-01 09:26:00,29019.13
2025-08-01 09:27:00,29014.19
2025-08-01 09:28:00,29004.94
2025-08-01 09:29:00,29003.28
2025-08-01 09:30:00,29003.47
2025-08-01 09:31:00,29011.95
2025-08-01 09:32:00,29013.69
2025-08-01 09:33:00,29012.69
2025-08-01 09:34:00,29016.94
2025-08-01 09:35:00,29005.98
2025-08-01 09:36:00,29007.26
2025-08-01 09:37:00,29011.22
2025-08-01 09:38:00,29003.92
2025-08-01 09:39:00,29009.74
2025-08-01 09:40:00,29011.53
2025-08-01 09:41:00,29009.56
2025-08-01 09:42:00,29012.82
2025-08-01 09:43:00,29024.27
2025-08-01 09:44:00,29025.28
2025-08-01 09:45:00,29026.62
2025-08-01 09:46:00,29024.43
2025-08-01 09:47:00,29020.28
2025-08-01 09:48:00,29024.53
2025-08-01 09:49:00,29020.35
2025-08-01 09:50:00,29020.81
2025-08-01 09:51:00,29018.52
2025-08-01 09:52:00,29021.01
2025-08-01 09:53:00,29022.78
2025-08-01 09:54:00,29028.07
2025-08-01 09:55:00,29025.62
2025-08-01 09:56:00,29024.37
2025-08-01 09:57:00,29019.58
2025-08-01 09:58:00,29017.46
2025-08-01 09:59:00,29019.44
2025-08-01 10:00:00,29023.33
2025-08-01 10:01:00,29018.82
2025-08-01 10:02:00,29023.26
2025-08-01 10:03:00,29030.14
2025-08-01 10:04:00,29032.31
2025-08-01 10:05:00,29041.79
2025-08-01 10:06:00,29038.02
2025-08-01 10:07:00,29031.9
2025-08-01 10:08:00,29023.11
2025-08-01 10:09:00,29030.69
2025-08-01 10:10:00,29034.06
2025-08-01 10:11:00,29033.88
2025-08-01 10:12:00,29035.38
2025-08-01 10:13:00,29029.85
2025-08-01 10:14:00,29042.18
2025-08-01 10:15:00,29042.93
2025-08-01 10:16:00,29043.58
2025-08-01 10:17:00,29047.31
2025-08-01 10:18:00,29049.81
2025-08-01 10:19:00,29051.03
2025-08-01 10:20:00,29047.18
2025-08-01 10:21:00,29049.63
2025-08-01 10:22:00,29059.14
2025-08-01 10:23:00,29065.97
2025-08-01 10:24:00,29074.04
2025-08-01 10:25:00,29071.58
2025-08-01 10:26:00,29066.73
2025-08-01 10:27:00,29066.2
2025-08-01 10:28:00,29066.58
2025-08-01 10:29:00,29072.15
2025-08-01 10:30:00,29063.79
2025-08-01 10:31:00,29071.54
2025-08-01 10:32:00,29070.85
2025-08-01 10:33:00,29068.82
2025-08-01 10:34:00,29063.85
2025-08-01 10:35:00,29055.68
2025-08-01 10:36:00,29059.9
2025-08-01 10:37:00,29060.36
2025-08-01 10:38:00,29054.01
2025-08-01 10:39:00,29047.64
2025-08-01 10:40:00,29046.06
2025-08-01 10:41:00,29054.5
2025-08-01 10:42:00,29053.31
2025-08-01 10:43:00,29045.89
2025-08-01 10:44:00,29044.76
2025-08-01 10:45:00,29043.5
2025-08-01 10:46:00,29030.11
2025-08-01 10:47:00,29029.94
2025-08-01 10:48:00,29028.89
2025-08-01 10:49:00,29032.47
2025-08-01 10:50:00,29041.81
2025-08-01 10:51:00,29047.55
2025-08-01 10:52:00,29046.3
2025-08-01 10:53:00,29040.87
2025-08-01 10:54:00,29053.84
2025-08-01 10:55:00,29054.23
2025-08-01 10:56:00,29054.4
2025-08-01 10:57:00,29054.38
2025-08-01 10:58:00,29055.47
2025-08-01 10:59:00,29054.85
2025-08-01 11:00:00,29052.08
2025-08-01 11:01:00,29049.45
2025-08-01 11:02:00,29049.38
2025-08-01 11:03:00,29046.77
2025-08-01 11:04:00,29043.3
2025-08-01 11:05:00,29043.93
2025-08-01 11:06:00,29042.76
2025-08-01 11:07:00,29050.38
2025-08-01 11:08:00,29037.22
2025-08-01 11:09:00,29042.78
2025-08-01 11:10:00,29049.11
2025-08-01 11:11:00,29038.84
2025-08-01 11:12:00,29037.23
2025-08-01 11:13:00,29035.47
2025-08-01 11:14:00,29028.54
2025-08-01 11:15:00,29024.75
2025-08-01 11:16:00,29019.29
2025-08-01 11:17:00,29028.16
2025-08-01 11:18:00,29032.93
2025-08-01 11:19:00,29039.39
2025-08-01 11:20:00,29043.1
2025-08-01 11:21:00,29037.56
2025-08-01 11:22:00,29035.03
2025-08-01 11:23:00,29037.58
2025-08-01 11:24:00,29031.57
2025-08-01 11:25:00,29035.23
2025-08-01 11:26:00,29034.13
2025-08-01 11:27:00,29032.36
2025-08-01 11:28:00,29036.01
2025-08-01 11:29:00,29038.33
2025-08-01 11:30:00,29036.63
2025-08-01 11:31:00,29042.53
2025-08-01 11:32:00,29037.22
2025-08-01 11:33:00,29040.4
2025-08-01 11:34:00,29043.47
2025-08-01 11:35:00,29042.02
2025-08-01 11:36:00,29043.75
2025-08-01 11:37:00,29037.59
2025-08-01 11:38:00,29042.31
2025-08-01 11:39:00,29041.49
2025-08-01 11:40:00,29038.98
2025-08-01 11:41:00,29044.32
2025-08-01 11:42:00,29040.9
2025-08-01 11:43:00,29033.96
2025-08-01 11:44:00,29026.27
2025-08-01 11:45:00,29029.4
2025-08-01 11:46:00,29023.1
2025-08-01 11:47:00,29031.98
2025-08-01 11:48:00,29021.67
2025-08-01 11:49:00,29030.25
2025-08-01 11:50:00,29031.4
2025-08-01 11:51:00,29031.02
2025-08-01 11:52:00,29028.39
2025-08-01 11:53:00,29030.49
2025-08-01 11:54:00,29030.4
2025-08-01 11:55:00,29036.02
2025-08-01 11:56:00,29036.69
2025-08-01 11:57:00,29037.54
2025-08-01 11:58:00,29035.82
2025-08-01 11:59:00,29035.64
2025-08-01 12:00:00,29037.28
2025-08-01 12:01:00,29028.83
2025-08-01 12:02:00,29022.19
2025-08-01 12:03:00,29026.0
2025-08-01 12:04:00,29026.96
2025-08-01 12:05:00,29026.14
2025-08-01 12:06:00,29026.33
2025-08-01 12:07:00,29028.17
2025-08-01 12:08:00,29025.57
2025-08-01 12:09:00,29021.78
2025-08-01 12:10:00,29022.86
2025-08-01 12:11:00,29018.06
2025-08-01 12:12:00,29020.21
2025-08-01 12:13:00,29011.79
2025-08-01 12:14:00,29017.04
2025-08-01 12:15:00,29019.5
2025-08-01 12:16:00,29020.88
2025-08-01 12:17:00,29025.89
2025-08-01 12:18:00,29034.32
2025-08-01 12:19:00,29039.49
2025-08-01 12:20:00,29030.39
2025-08-01 12:21:00,29024.09
2025-08-01 12:22:00,29021.07
2025-08-01 12:23:00,29021.3
2025-08-01 12:24:00,29023.99
2025-08-01 12:25:00,29020.46
2025-08-01 12:26:00,29021.49
2025-08-01 12:27:00,29017.81
2025-08-01 12:28:00,29014.86
2025-08-01 12:29:00,29007.92
2025-08-01 12:30:00,29003.41
2025-08-01 12:31:00,28996.75
2025-08-01 12:32:00,28991.97
2025-08-01 12:33:00,28997.34
2025-08-01 12:34:00,28992.69
2025-08-01 12:35:00,29005.95
2025-08-01 12:36:00,29008.52
2025-08-01 12:37:00,29009.54
2025-08-01 12:38:00,29005.35
2025-08-01 12:39:00,29008.95
2025-08-01 12:40:00,29006.17
2025-08-01 12:41:00,29006.88
2025-08-01 12:42:00,29019.79
2025-08-01 12:43:00,29019.41
2025-08-01 12:44:00,29025.25
2025-08-01 12:45:00,29021.84
2025-08-01 12:46:00,29021.76
2025-08-01 12:47:00,29030.71
2025-08-01 12:48:00,29027.68
2025-08-01 12:49:00,29036.84
2025-08-01 12:50:00,29040.48
2025-08-01 12:51:00,29037.77
2025-08-01 12:52:00,29041.03
2025-08-01 12:53:00,29045.99
2025-08-01 12:54:00,29049.2
2025-08-01 12:55:00,29041.45
2025-08-01 12:56:00,29037.92
2025-08-01 12:57:00,29036.78
2025-08-01 12:58:00,29036.51
2025-08-01 12:59:00,29039.71
2025-08-01 13:00:00,29040.7
2025-08-01 13:01:00,29034.12
2025-08-01 13:02:00,29036.12
2025-08-01 13:03:00,29039.27
2025-08-01 13:04:00,29042.17
2025-08-01 13:05:00,29047.68
2025-08-01 13:06:00,29051.95
2025-08-01 13:07:00,29054.34
2025-08-01 13:08:00,29054.09
2025-08-01 13:09:00,29045.89
2025-08-01 13:10:00,29048.14
2025-08-01 13:11:00,29049.27
2025-08-01 13:12:00,29050.73
2025-08-01 13:13:00,29044.45
2025-08-01 13:14:00,29039.14
2025-08-01 13:15:00,29044.51
2025-08-01 13:16:00,29044.41
2025-08-01 13:17:00,29047.92
2025-08-01 13:18:00,29048.16
2025-08-01 13:19:00,29048.41
2025-08-01 13:20:00,29053.2
2025-08-01 13:21:00,29050.72
2025-08-01 13:22:00,29051.3
2025-08-01 13:23:00,29049.09
2025-08-01 13:24:00,29047.02
2025-08-01 13:25:00,29045.57
2025-08-01 13:26:00,29046.78
2025-08-01 13:27:00,29044.49
2025-08-01 13:28:00,29050.87
2025-08-01 13:29:00,29046.49
2025-08-01 13:30:00,29045.66
2025-08-01 13:31:00,29043.56
2025-08-01 13:32:00,29050.9
2025-08-01 13:33:00,29051.98
2025-08-01 13:34:00,29057.24
2025-08-01 13:35:00,29049.91
2025-08-01 13:36:00,29051.34
2025-08-01 13:37:00,29055.89
2025-08-01 13:38:00,29056.4
2025-08-01 13:39:00,29061.83
2025-08-01 13:40:00,29059.35
2025-08-01 13:41:00,29066.49
2025-08-01 13:42:00,29078.09
2025-08-01 13:43:00,29076.37
2025-08-01 13:44:00,29074.24
2025-08-01 13:45:00,29081.61
2025-08-01 13:46:00,29089.61
2025-08-01 13:47:00,29087.1
2025-08-01 13:48:00,29085.09
2025-08-01 13:49:00,29083.79
2025-08-01 13:50:00,29077.16
2025-08-01 13:51:00,29072.67
2025-08-01 13:52:00,29067.75
2025-08-01 13:53:00,29064.01
2025-08-01 13:54:00,29063.94
2025-08-01 13:55:00,29065.21
2025-08-01 13:56:00,29073.06
2025-08-01 13:57:00,29068.17
2025-08-01 13:58:00,29073.19
2025-08-01 13:59:00,29072.22
2025-08-01 14:00:00,29072.07
2025-08-01 14:01:00,29075.55
2025-08-01 14:02:00,29070.03
2025-08-01 14:03:00,29072.05
2025-08-01 14:04:00,29072.98
2025-08-01 14:05:00,29075.54
2025-08-01 14:06:00,29077.09
2025-08-01 14:07:00,29089.46
2025-08-01 14:08:00,29086.37
2025-08-01 14:09:00,29083.82
2025-08-01 14:10:00,29080.8
2025-08-01 14:11:00,29078.13
2025-08-01 14:12:00,29075.04
2025-08-01 14:13:00,29081.08
2025-08-01 14:14:00,29088.29
2025-08-01 14:15:00,29085.53
2025-08-01 14:16:00,29081.47
2025-08-01 14:17:00,29083.93
2025-08-01 14:18:00,29081.27
2025-08-01 14:19:00,29084.53
2025-08-01 14:20:00,29085.65
2025-08-01 14:21:00,29078.17
2025-08-01 14:22:00,29086.0
2025-08-01 14:23:00,29095.08
2025-08-01 14:24:00,29092.12
2025-08-01 14:25:00,29090.28
2025-08-01 14:26:00,29091.81
2025-08-01 14:27:00,29093.58
2025-08-01 14:28:00,29096.98
2025-08-01 14:29:00,29107.13
2025-08-01 14:30:00,29106.34
2025-08-01 14:31:00,29102.45
2025-08-01 14:32:00,29095.65
2025-08-01 14:33:00,29092.1
2025-08-01 14:34:00,29092.03
2025-08-01 14:35:00,29101.11
2025-08-01 14:36:00,29098.62
2025-08-01 14:37:00,29099.84
2025-08-01 14:38:00,29099.86
2025-08-01 14:39:00,29105.9
2025-08-01 14:40:00,29118.63
2025-08-01 14:41:00,29116.08
2025-08-01 14:42:00,29113.73
2025-08-01 14:43:00,29119.05
2025-08-01 14:44:00,29122.56
2025-08-01 14:45:00,29131.89
2025-08-01 14:46:00,29134.91
2025-08-01 14:47:00,29133.22
2025-08-01 14:48:00,29136.27
2025-08-01 14:49:00,29141.91
2025-08-01 14:50:00,29146.12
2025-08-01 14:51:00,29148.75
2025-08-01 14:52:00,29154.19
2025-08-01 14:53:00,29160.13
2025-08-01 14:54:00,29167.14
2025-08-01 14:55:00,29170.49
2025-08-01 14:56:00,29169.75
2025-08-01 14:57:00,29170.59
2025-08-01 14:58:00,29176.72
2025-08-01 14:59:00,29172.73
2025-08-01 15:00:00,29174.68
2025-08-01 15:01:00,29172.81
2025-08-01 15:02:00,29173.05
2025-08-01 15:03:00,29179.55
2025-08-01 15:04:00,29180.6
2025-08-01 15:05:00,29180.93
2025-08-01 15:06:00,29174.23
2025-08-01 15:07:00,29178.07
2025-08-01 15:08:00,29181.39
2025-08-01 15:09:00,29192.31
2025-08-01 15:10:00,29190.87
2025-08-01 15:11:00,29192.07
2025-08-01 15:12:00,29193.41
2025-08-01 15:13:00,29201.4
2025-08-01 15:14:00,29201.02
2025-08-01 15:15:00,29202.52
2025-08-01 15:16:00,29205.66
2025-08-01 15:17:00,29206.69
2025-08-01 15:18:00,29204.56
2025-08-01 15:19:00,29205.63
2025-08-01 15:20:00,29211.1
2025-08-01 15:21:00,29206.07
2025-08-01 15:22:00,29206.83
2025-08-01 15:23:00,29203.43
2025-08-01 15:24:00,29209.5
2025-08-01 15:25:00,29201.99
2025-08-01 15:26:00,29199.29
2025-08-01 15:27:00,29201.28
2025-08-01 15:28:00,29209.21
2025-08-01 15:29:00,29208.98
2025-08-01 15:30:00,29206.3
2025-08-01 15:31:00,29215.81
2025-08-01 15:32:00,29208.67
2025-08-01 15:33:00,29197.78
2025-08-01 15:34:00,29200.08
2025-08-01 15:35:00,29197.66
2025-08-01 15:36:00,29192.66
2025-08-01 15:37:00,29196.3
2025-08-01 15:38:00,29197.62
2025-08-01 15:39:00,29194.9
2025-08-01 15:40:00,29188.6
2025-08-01 15:41:00,29193.06
2025-08-01 15:42:00,29196.41
2025-08-01 15:43:00,29196.01
2025-08-01 15:44:00,29205.35
2025-08-01 15:45:00,29200.1
2025-08-01 15:46:00,29192.57
2025-08-01 15:47:00,29189.21
2025-08-01 15:48:00,29189.08
2025-08-01 15:49:00,29190.4
2025-08-01 15:50:00,29189.29
2025-08-01 15:51:00,29191.15
2025-08-01 15:52:00,29185.0
2025-08-01 15:53:00,29192.31
2025-08-01 15:54:00,29192.0
2025-08-01 15:55:00,29197.69
2025-08-01 15:56:00,29199.5
2025-08-01 15:57:00,29201.89
2025-08-01 15:58:00,29204.84
2025-08-01 15:59:00,29207.18
2025-08-01 16:00:00,29210.49
2025-08-01 16:01:00,29217.23
2025-08-01 16:02:00,29218.32
2025-08-01 16:03:00,29221.96
2025-08-01 16:04:00,29221.61
2025-08-01 16:05:00,29228.91
2025-08-01 16:06:00,29225.63
2025-08-01 16:07:00,29234.74
2025-08-01 16:08:00,29234.64
2025-08-01 16:09:00,29227.58
2025-08-01 16:10:00,29228.32
2025-08-01 16:11:00,29225.02
2025-08-01 16:12:00,29229.32
2025-08-01 16:13:00,29226.16
2025-08-01 16:14:00,29224.03
2025-08-01 16:15:00,29214.68
2025-08-01 16:16:00,29212.52
2025-08-01 16:17:00,29200.5
2025-08-01 16:18:00,29192.68
2025-08-01 16:19:00,29196.58
2025-08-01 16:20:00,29200.61
2025-08-01 16:21:00,29202.84
2025-08-01 16:22:00,29198.1
2025-08-01 16:23:00,29197.96
2025-08-01 16:24:00,29198.05
2025-08-01 16:25:00,29192.35
2025-08-01 16:26:00,29199.97
2025-08-01 16:27:00,29204.46
2025-08-01 16:28:00,29203.45
2025-08-01 16:29:00,29203.69
2025-08-01 16:30:00,29204.83
2025-08-01 16:31:00,29194.72
2025-08-01 16:32:00,29193.58
2025-08-01 16:33:00,29190.27
2025-08-01 16:34:00,29185.37
2025-08-01 16:35:00,29184.06
2025-08-01 16:36:00,29193.15
2025-08-01 16:37:00,29196.45
2025-08-01 16:38:00,29193.7
2025-08-01 16:39:00,29196.66
